index,ref_i,ref_q,feedback_i,feedback_q
0,0,8192,0,0
1,1605,8033,0,7537
2,3180,7568,1477,7390
3,4693,6811,2926,6963
4,6114,5793,4318,6266
5,7415,4551,5625,5329
6,8568,3136,6822,4187
7,9549,1605,7883,2885
8,10337,0,8785,1477
9,10918,-1605,9510,0
10,11280,-3136,10045,-1477
11,11416,-4551,10378,-2885
12,11322,-5793,10507,-4187
13,10999,-6811,10416,-5329
14,10453,-7568,10119,-6266
15,9689,-8033,9617,-6963
16,8738,-8192,8914,-7390
17,7620,-8033,8039,-7537
18,6359,-7568,7010,-7390
19,4980,-6811,5850,-6963
20,3510,-5793,4582,-6266
21,1977,-4551,3229,-5329
22,402,-3136,1819,-4187
23,-1180,-1605,370,-2885
24,-2731,0,-1086,-1477
25,-4218,1605,-2513,0
26,-5606,3136,-3881,1477
27,-6863,4551,-5158,2885
28,-7960,5793,-6314,4187
29,-8870,6811,-7323,5329
30,-9569,7568,-8160,6266
31,-10040,8033,-8803,6963
